function,precision,x,y,z,px,py,backend,nodes,jit_time,min_time,max_time,mean_time,std_div,last_time,generated_code,argument_size,output_size,temp_size,flops
FFT,float32,1024,1024,1024,1,4,NCCL,1,13.31,14.76,37.74,12.85,2.39,13.52,4554,1024,512,256,1627800714.1419246
FFT,float32,1024,1024,1024,4,1,NCCL,1,20.39,9.93,22.03,18.83,4.05,24.91,2686,1024,512,256,1405877309.9231431
FFT,float32,1024,1024,1024,2,2,NCCL,1,27.84,10.86,17.86,22.91,1.02,18.97,4115,1024,512,256,1067702245.1076224
FFT,float32,1024,1024,1024,2,4,NCCL,2,27.3,7.78,17.43,13.83,3.42,24.79,7314,1024,512,256,1679384633.4406447
FFT,float32,1024,1024,1024,4,2,NCCL,2,27.81,13.26,19.97,18.01,4.44,17.25,1858,1024,512,256,1731230538.3572075
FFT,float32,1024,1024,1024,8,1,NCCL,2,20.3,6.95,29.68,15.9,3.71,11.85,1271,1024,512,256,1231540036.363958
FFT,float32,1024,1024,1024,1,8,NCCL,2,13.04,12.39,17.93,28.6,4.92,12.42,1159,1024,512,256,1893014134.7273884
FFT,float32,1024,1024,1024,4,4,NCCL,4,11.61,8.76,34.99,15.42,2.2,24.93,8674,1024,512,256,1973866056.0085316
FFT,float32,1024,1024,1024,8,2,NCCL,4,11.35,10.9,20.32,10.8,2.81,22.01,9525,1024,512,256,1426013715.7900064
FFT,float32,1024,1024,1024,2,8,NCCL,4,18.92,5.88,34.17,19.41,3.09,20.98,3665,1024,512,256,1757104865.21978
FFT,float32,1024,1024,1024,1,16,NCCL,4,27.28,10.18,33.37,10.03,1.62,23.18,1907,1024,512,256,1372331137.5665808
FFT,float32,1024,1024,1024,16,1,NCCL,4,23.87,8.87,33.44,11.72,2.09,18.59,4734,1024,512,256,1759977182.0661397
FFT,float32,1024,1024,1024,8,4,NCCL,8,14.82,7.12,22.08,16.07,3.18,15.41,5700,1024,512,256,1519859918.726305
FFT,float32,1024,1024,1024,4,8,NCCL,8,26.24,7.39,27.05,26.5,4.34,18.83,5644,1024,512,256,1110136943.5824633
FFT,float32,1024,1024,1024,1,32,NCCL,8,14.5,11.81,31.77,16.14,2.95,21.11,5428,1024,512,256,1669189866.7159069
FFT,float32,1024,1024,1024,32,1,NCCL,8,28.66,12.35,30.86,24.18,3.25,22.63,2480,1024,512,256,1746455470.0824137
FFT,float32,1024,1024,1024,8,16,NCCL,32,12.33,11.77,29.21,16.65,2.6,16.65,2440,1024,512,256,1351031373.2374384
FFT,float32,1024,1024,1024,16,8,NCCL,32,23.63,5.05,26.27,12.87,1.1,23.62,4409,1024,512,256,1318277373.2005067
FFT,float32,1024,1024,1024,1,64,NCCL,16,26.75,14.91,24.22,29.96,4.79,22.41,5662,1024,512,256,1493118974.3490143
FFT,float32,1024,1024,1024,64,1,NCCL,16,25.65,11.48,29.71,12.9,3.81,11.08,7390,1024,512,256,1411097778.5975559
FFT,float32,1024,1024,1024,16,16,NCCL,64,18.61,11.58,39.93,26.43,4.13,24.46,6459,1024,512,256,1805451209.3701472
FFT,float32,1024,1024,1024,1,128,NCCL,32,11.83,12.05,39.84,12.48,2.49,22.22,5259,1024,512,256,1232539347.5830147
FFT,float32,1024,1024,1024,128,1,NCCL,32,17.11,7.93,38.09,23.99,2.42,15.01,6591,1024,512,256,1252151986.4006107
FFT,float32,1024,1024,1024,1,256,NCCL,64,26.37,11.59,38.6,14.62,2.33,15.99,7091,1024,512,256,1752398954.6337023
FFT,float32,1024,1024,1024,256,1,NCCL,64,20.78,6.66,29.05,22.28,1.89,21.38,7036,1024,512,256,1204523167.8657851
FFT,float32,1024,1024,1024,128,2,NCCL,64,14.15,6.35,33.94,12.87,2.14,17.4,1273,1024,512,256,1566669793.5729847
FFT,float32,1024,1024,1024,2,128,NCCL,64,21.01,6.23,37.7,27.53,3.11,23.94,1544,1024,512,256,1002326930.925415
FFT,float32,2048,2048,2048,1,4,NCCL,1,10.89,14.6,20.74,29.18,4.11,16.83,7885,2048,1024,512,1958017822.2171674
FFT,float32,2048,2048,2048,4,1,NCCL,1,29.21,6.34,31.61,15.3,4.82,15.58,7209,2048,1024,512,1894866192.062805
FFT,float32,2048,2048,2048,2,2,NCCL,1,23.78,7.18,38.56,23.98,4.25,16.53,8443,2048,1024,512,1179367669.4206548
FFT,float32,2048,2048,2048,2,4,NCCL,2,10.13,5.97,20.7,12.54,2.02,19.01,1119,2048,1024,512,1169595803.1111488
FFT,float32,2048,2048,2048,4,2,NCCL,2,10.54,5.57,34.38,23.41,1.69,14.16,3453,2048,1024,512,1761460909.8823938
FFT,float32,2048,2048,2048,8,1,NCCL,2,13.0,14.27,29.43,24.44,3.69,11.67,1457,2048,1024,512,1381632407.1547897
FFT,float32,2048,2048,2048,1,8,NCCL,2,12.72,5.48,39.87,29.0,4.31,12.24,4780,2048,1024,512,1432732761.9063437
FFT,float32,2048,2048,2048,4,4,NCCL,4,25.93,13.88,26.52,11.24,3.5,14.94,4079,2048,1024,512,1153997213.5621235
FFT,float32,2048,2048,2048,8,2,NCCL,4,29.05,11.95,34.34,15.27,4.64,11.5,1044,2048,1024,512,1458801661.0467732
FFT,float32,2048,2048,2048,2,8,NCCL,4,16.87,9.5,25.45,20.78,2.03,15.11,3888,2048,1024,512,1471960986.4905815
FFT,float32,2048,2048,2048,1,16,NCCL,4,28.21,6.39,17.99,11.85,2.87,20.93,5163,2048,1024,512,1403535591.8465497
FFT,float32,2048,2048,2048,16,1,NCCL,4,20.98,10.85,33.89,15.9,1.74,11.73,8481,2048,1024,512,1067964772.1589179
FFT,float32,2048,2048,2048,8,4,NCCL,8,13.16,7.56,29.5,28.54,2.43,17.69,1121,2048,1024,512,1405818212.0894413
FFT,float32,2048,2048,2048,4,8,NCCL,8,23.03,8.79,35.46,15.27,2.63,18.9,4528,2048,1024,512,1455642352.5653863
FFT,float32,2048,2048,2048,1,32,NCCL,8,12.71,6.63,18.63,24.52,4.73,13.31,6445,2048,1024,512,1233665077.4580681
FFT,float32,2048,2048,2048,32,1,NCCL,8,28.97,9.11,38.98,20.37,4.2,12.26,6643,2048,1024,512,1659114545.145814
FFT,float32,2048,2048,2048,8,16,NCCL,32,25.69,12.09,20.11,16.45,4.33,11.34,4062,2048,1024,512,1224414798.3321457
FFT,float32,2048,2048,2048,16,8,NCCL,32,20.79,12.81,15.85,24.08,3.64,22.89,8308,2048,1024,512,1391888385.4977436
FFT,float32,2048,2048,2048,1,64,NCCL,16,15.39,13.09,37.41,15.78,4.54,11.46,7829,2048,1024,512,1132343632.7607138
FFT,float32,2048,2048,2048,64,1,NCCL,16,11.24,9.73,33.16,14.42,3.67,16.68,7379,2048,1024,512,1393164096.8860881
FFT,float32,2048,2048,2048,16,16,NCCL,64,10.78,12.29,33.82,28.21,1.97,12.54,6515,2048,1024,512,1246334614.1793642
FFT,float32,2048,2048,2048,1,128,NCCL,32,27.2,8.54,23.27,15.78,2.62,14.81,7394,2048,1024,512,1968276502.6772623
FFT,float32,2048,2048,2048,128,1,NCCL,32,16.55,11.19,23.27,20.87,4.81,23.4,9639,2048,1024,512,1172134857.44076
FFT,float32,2048,2048,2048,1,256,NCCL,64,17.37,8.07,29.61,15.88,1.31,16.39,4015,2048,1024,512,1348467351.284333
FFT,float32,2048,2048,2048,256,1,NCCL,64,20.77,14.77,22.5,29.34,4.19,15.93,4831,2048,1024,512,1550514781.4587433
FFT,float32,2048,2048,2048,128,2,NCCL,64,13.58,9.53,28.09,19.7,1.69,20.13,6109,2048,1024,512,1011039084.8756672
FFT,float32,2048,2048,2048,2,128,NCCL,64,29.0,14.02,21.03,23.15,3.58,14.14,3275,2048,1024,512,1898942833.1704044
FFT,float32,4096,4096,4096,1,4,NCCL,1,14.92,10.81,26.28,18.28,4.26,18.51,8517,4096,2048,1024,1170517237.2083046
FFT,float32,4096,4096,4096,4,1,NCCL,1,25.84,11.66,29.81,27.54,3.75,11.52,7029,4096,2048,1024,1570728798.3377552
FFT,float32,4096,4096,4096,2,2,NCCL,1,19.93,6.51,22.22,21.39,3.93,24.31,1987,4096,2048,1024,1166363919.1467772
FFT,float32,4096,4096,4096,2,4,NCCL,2,12.39,6.09,27.79,28.11,4.79,20.05,9266,4096,2048,1024,1243021495.1948638
FFT,float32,4096,4096,4096,4,2,NCCL,2,22.64,10.18,23.28,28.43,2.44,15.25,8207,4096,2048,1024,1257194561.2826276
FFT,float32,4096,4096,4096,8,1,NCCL,2,19.03,9.64,35.77,21.38,3.22,16.86,4234,4096,2048,1024,1136002214.8582554
FFT,float32,4096,4096,4096,1,8,NCCL,2,12.02,10.68,34.79,26.71,4.86,15.02,4450,4096,2048,1024,1462960990.3430457
FFT,float32,4096,4096,4096,4,4,NCCL,4,21.05,7.11,17.06,28.68,3.44,19.29,9390,4096,2048,1024,1306073313.3656363
FFT,float32,4096,4096,4096,8,2,NCCL,4,20.15,11.82,37.83,18.68,1.67,13.06,6025,4096,2048,1024,1009026468.5231627
FFT,float32,4096,4096,4096,2,8,NCCL,4,23.83,5.54,36.71,26.91,1.1,14.12,2773,4096,2048,1024,1997617318.3107736
FFT,float32,4096,4096,4096,1,16,NCCL,4,19.48,13.51,21.2,15.96,4.75,24.37,6274,4096,2048,1024,1500332467.257161
FFT,float32,4096,4096,4096,16,1,NCCL,4,29.61,9.46,15.47,14.14,3.43,20.69,3775,4096,2048,1024,1951760499.767929
FFT,float32,4096,4096,4096,8,4,NCCL,8,18.98,12.68,39.4,17.15,3.45,12.88,3386,4096,2048,1024,1337121304.3569245
FFT,float32,4096,4096,4096,4,8,NCCL,8,13.76,9.11,35.7,13.13,1.12,23.47,1851,4096,2048,1024,1181744298.9874628
FFT,float32,4096,4096,4096,1,32,NCCL,8,17.89,12.32,26.25,28.64,1.51,14.5,9642,4096,2048,1024,1054457007.7648507
FFT,float32,4096,4096,4096,32,1,NCCL,8,26.95,5.78,31.29,19.72,3.25,18.16,5793,4096,2048,1024,1174088919.0383518
FFT,float32,4096,4096,4096,8,16,NCCL,32,17.74,6.74,23.22,21.79,4.39,12.06,7516,4096,2048,1024,1172663737.7976093
FFT,float32,4096,4096,4096,16,8,NCCL,32,15.44,11.05,38.87,17.58,4.58,15.19,9765,4096,2048,1024,1527038497.1022415
FFT,float32,4096,4096,4096,1,64,NCCL,16,20.47,13.8,25.04,27.62,3.03,13.09,6497,4096,2048,1024,1375485438.3449974
FFT,float32,4096,4096,4096,64,1,NCCL,16,16.57,6.58,21.91,15.16,2.04,12.56,4189,4096,2048,1024,1676476903.6593256
FFT,float32,4096,4096,4096,16,16,NCCL,64,28.54,12.91,20.97,13.15,2.48,15.39,2216,4096,2048,1024,1485013284.6104646
FFT,float32,4096,4096,4096,1,128,NCCL,32,17.38,8.4,33.93,22.16,3.43,18.28,8036,4096,2048,1024,1297775318.0583625
FFT,float32,4096,4096,4096,128,1,NCCL,32,25.23,8.05,35.18,23.58,4.11,12.53,8766,4096,2048,1024,1948064803.1545584
FFT,float32,4096,4096,4096,1,256,NCCL,64,10.82,10.09,39.07,15.38,1.48,16.72,8390,4096,2048,1024,1888567266.3320289
FFT,float32,4096,4096,4096,256,1,NCCL,64,19.98,5.94,35.17,13.62,4.38,18.35,1304,4096,2048,1024,1068490082.5750602
FFT,float32,4096,4096,4096,128,2,NCCL,64,29.46,6.65,19.45,10.6,3.38,22.48,1647,4096,2048,1024,1053803412.3387685
FFT,float32,4096,4096,4096,2,128,NCCL,64,27.27,10.56,28.83,12.17,4.87,19.3,9379,4096,2048,1024,1700803171.74894
FFT,float32,8192,8192,8192,1,4,NCCL,1,10.7,8.43,23.34,12.4,2.57,12.8,6717,8192,4096,2048,1304179723.5075967
FFT,float32,8192,8192,8192,4,1,NCCL,1,11.86,6.62,16.23,11.84,4.26,14.65,5047,8192,4096,2048,1990972224.542583
FFT,float32,8192,8192,8192,2,2,NCCL,1,22.74,13.37,35.41,28.47,3.09,15.18,7152,8192,4096,2048,1030314390.072433
FFT,float32,8192,8192,8192,2,4,NCCL,2,12.74,14.19,28.0,11.11,4.93,24.9,1114,8192,4096,2048,1302766065.3564687
FFT,float32,8192,8192,8192,4,2,NCCL,2,18.46,5.72,23.81,15.65,4.45,14.24,1112,8192,4096,2048,1050996738.8834988
FFT,float32,8192,8192,8192,8,1,NCCL,2,25.32,12.78,38.79,21.93,4.25,12.72,6059,8192,4096,2048,1609404447.1810925
FFT,float32,8192,8192,8192,1,8,NCCL,2,26.72,6.45,28.77,28.19,4.89,17.17,8661,8192,4096,2048,1975810786.8966417
FFT,float32,8192,8192,8192,4,4,NCCL,4,18.34,10.85,15.62,23.01,3.87,11.26,2951,8192,4096,2048,1658861543.935071
FFT,float32,8192,8192,8192,8,2,NCCL,4,28.56,7.43,36.72,16.71,1.72,15.65,2322,8192,4096,2048,1627134866.3684754
FFT,float32,8192,8192,8192,2,8,NCCL,4,19.01,5.92,27.27,23.43,1.09,23.32,9738,8192,4096,2048,1670821952.1341376
FFT,float32,8192,8192,8192,1,16,NCCL,4,12.95,14.14,18.94,18.5,3.64,24.67,1336,8192,4096,2048,1327916129.5953925
FFT,float32,8192,8192,8192,16,1,NCCL,4,28.93,10.29,18.14,16.02,4.0,22.09,1310,8192,4096,2048,1611477596.7402477
FFT,float32,8192,8192,8192,8,4,NCCL,8,23.88,9.02,23.87,16.55,4.1,19.83,9071,8192,4096,2048,1393640539.10798
FFT,float32,8192,8192,8192,4,8,NCCL,8,21.99,10.21,36.99,15.66,3.15,21.91,5711,8192,4096,2048,1182360758.5279324
FFT,float32,8192,8192,8192,1,32,NCCL,8,25.51,11.29,18.99,15.04,1.29,15.03,2453,8192,4096,2048,1743789363.572082
FFT,float32,8192,8192,8192,32,1,NCCL,8,14.68,14.7,32.62,12.96,2.73,22.47,5714,8192,4096,2048,1722351536.983333
FFT,float32,8192,8192,8192,8,16,NCCL,32,23.58,13.53,18.59,10.39,1.79,18.21,8262,8192,4096,2048,1313618446.1575212
FFT,float32,8192,8192,8192,16,8,NCCL,32,15.79,9.23,17.7,16.12,3.82,17.61,8606,8192,4096,2048,1264878960.4833007
FFT,float32,8192,8192,8192,1,64,NCCL,16,24.72,9.29,22.17,10.75,2.16,19.65,9080,8192,4096,2048,1909477196.562516
FFT,float32,8192,8192,8192,64,1,NCCL,16,12.46,7.83,27.9,22.18,2.31,23.85,4271,8192,4096,2048,1852756392.8268895
FFT,float32,8192,8192,8192,16,16,NCCL,64,18.01,10.43,28.79,26.1,2.69,18.67,9512,8192,4096,2048,1072978988.4793179
FFT,float32,8192,8192,8192,1,128,NCCL,32,18.52,11.28,29.1,27.96,3.22,19.15,1658,8192,4096,2048,1981800989.3516397
FFT,float32,8192,8192,8192,128,1,NCCL,32,24.95,14.62,26.02,21.72,2.19,24.35,5600,8192,4096,2048,1575078612.2115388
FFT,float32,8192,8192,8192,1,256,NCCL,64,22.98,10.42,23.29,24.52,3.78,11.35,7921,8192,4096,2048,1150746105.4465623
FFT,float32,8192,8192,8192,256,1,NCCL,64,13.54,8.07,34.72,20.19,2.32,18.97,1104,8192,4096,2048,1760545459.8680463
FFT,float32,8192,8192,8192,128,2,NCCL,64,25.47,13.4,30.5,28.18,3.17,11.87,3753,8192,4096,2048,1735693436.1677988
FFT,float32,8192,8192,8192,2,128,NCCL,64,10.76,6.26,15.49,15.77,1.11,13.99,5916,8192,4096,2048,1772273071.4143012
FFT,float32,16384,16384,16384,1,4,NCCL,1,13.34,6.91,33.3,12.88,2.02,11.07,1398,16384,8192,4096,1426172485.601708
FFT,float32,16384,16384,16384,4,1,NCCL,1,10.65,11.83,35.04,28.79,2.92,24.42,2663,16384,8192,4096,1964759149.0954466
FFT,float32,16384,16384,16384,2,2,NCCL,1,22.77,12.22,38.73,17.53,3.84,13.03,3127,16384,8192,4096,1199522710.2196243
FFT,float32,16384,16384,16384,2,4,NCCL,2,20.64,7.58,22.09,18.75,2.7,19.84,4695,16384,8192,4096,1907345877.0111833
FFT,float32,16384,16384,16384,4,2,NCCL,2,20.69,9.72,28.28,13.8,4.12,16.54,6585,16384,8192,4096,1223315224.961944
FFT,float32,16384,16384,16384,8,1,NCCL,2,16.86,5.9,20.99,25.07,2.46,12.03,9874,16384,8192,4096,1915487816.2851846
FFT,float32,16384,16384,16384,1,8,NCCL,2,20.62,9.52,19.34,19.28,3.98,19.13,9310,16384,8192,4096,1601452059.130866
FFT,float32,16384,16384,16384,4,4,NCCL,4,14.18,12.85,18.06,10.71,3.93,19.91,4972,16384,8192,4096,1339137461.4050083
FFT,float32,16384,16384,16384,8,2,NCCL,4,26.26,5.38,33.77,15.56,4.01,20.75,2871,16384,8192,4096,1031711052.4671346
FFT,float32,16384,16384,16384,2,8,NCCL,4,27.78,8.6,34.14,25.81,4.63,13.46,3353,16384,8192,4096,1799136907.396863
FFT,float32,16384,16384,16384,1,16,NCCL,4,10.95,9.42,39.5,20.09,1.44,14.86,1640,16384,8192,4096,1173636123.3788016
FFT,float32,16384,16384,16384,16,1,NCCL,4,27.07,12.62,31.66,25.72,4.19,17.02,1794,16384,8192,4096,1986726524.8590374
FFT,float32,16384,16384,16384,8,4,NCCL,8,26.29,7.41,36.36,10.12,3.61,14.77,7470,16384,8192,4096,1323872664.558096
FFT,float32,16384,16384,16384,4,8,NCCL,8,20.71,11.96,17.51,16.41,2.75,21.62,2552,16384,8192,4096,1517928490.0157595
FFT,float32,16384,16384,16384,1,32,NCCL,8,26.45,8.61,36.74,13.96,2.76,20.51,7927,16384,8192,4096,1421549560.948709
FFT,float32,16384,16384,16384,32,1,NCCL,8,12.28,8.41,28.38,15.95,2.4,23.41,7501,16384,8192,4096,1972814078.7977583
FFT,float32,16384,16384,16384,8,16,NCCL,32,14.68,6.43,16.03,17.93,3.67,14.93,8847,16384,8192,4096,1015509862.1208855
FFT,float32,16384,16384,16384,16,8,NCCL,32,19.18,10.8,37.42,12.02,3.39,19.56,2084,16384,8192,4096,1890974558.35672
FFT,float32,16384,16384,16384,1,64,NCCL,16,26.18,11.0,17.98,14.27,3.97,13.81,6182,16384,8192,4096,1968043738.5562196
FFT,float32,16384,16384,16384,64,1,NCCL,16,26.09,11.5,39.19,26.94,4.15,15.04,9590,16384,8192,4096,1874578804.2158694
FFT,float32,16384,16384,16384,16,16,NCCL,64,18.27,6.49,16.06,25.69,3.28,21.01,8772,16384,8192,4096,1997702237.6709368
FFT,float32,16384,16384,16384,1,128,NCCL,32,12.93,14.73,15.09,26.22,3.9,16.69,1915,16384,8192,4096,1363726319.9244494
FFT,float32,16384,16384,16384,128,1,NCCL,32,11.0,12.16,37.7,20.55,4.84,11.28,7306,16384,8192,4096,1640262076.166294
FFT,float32,16384,16384,16384,1,256,NCCL,64,29.47,10.01,25.46,19.15,2.62,22.16,3728,16384,8192,4096,1832976597.8441257
FFT,float32,16384,16384,16384,256,1,NCCL,64,11.9,7.85,30.87,29.08,4.72,19.66,6289,16384,8192,4096,1918437157.7399673
FFT,float32,16384,16384,16384,128,2,NCCL,64,19.99,8.65,23.7,18.3,4.36,24.08,4990,16384,8192,4096,1621694262.9768758
FFT,float32,16384,16384,16384,2,128,NCCL,64,28.91,6.27,28.61,20.51,2.05,15.75,6247,16384,8192,4096,1626048490.5288937
FFT,float64,1024,1024,1024,1,4,NCCL,1,23.88,11.05,19.92,26.17,2.96,11.96,7283,1024,512,256,1142451293.5789974
FFT,float64,1024,1024,1024,4,1,NCCL,1,10.14,13.24,35.43,20.87,3.58,16.04,1071,1024,512,256,1083571023.2552085
FFT,float64,1024,1024,1024,2,2,NCCL,1,23.75,7.31,36.63,19.09,4.48,16.09,6906,1024,512,256,1916395245.2823193
FFT,float64,1024,1024,1024,2,4,NCCL,2,13.04,5.11,15.73,11.08,3.19,11.02,5776,1024,512,256,1439988940.6496053
FFT,float64,1024,1024,1024,4,2,NCCL,2,13.99,6.47,24.3,26.17,3.65,12.93,9145,1024,512,256,1547517277.0445309
FFT,float64,1024,1024,1024,8,1,NCCL,2,17.89,13.6,22.63,16.99,4.46,15.56,5734,1024,512,256,1387775345.3277683
FFT,float64,1024,1024,1024,1,8,NCCL,2,19.71,12.18,39.55,24.72,4.0,22.42,8589,1024,512,256,1136391483.4545186
FFT,float64,1024,1024,1024,4,4,NCCL,4,18.74,8.02,30.57,24.08,3.48,11.79,2395,1024,512,256,1988273757.6907897
FFT,float64,1024,1024,1024,8,2,NCCL,4,19.03,9.42,37.86,24.49,3.03,23.04,4443,1024,512,256,1580330240.9716492
FFT,float64,1024,1024,1024,2,8,NCCL,4,13.41,5.12,33.14,12.56,1.37,15.25,9972,1024,512,256,1076054742.8603768
FFT,float64,1024,1024,1024,1,16,NCCL,4,26.18,5.62,39.56,20.82,1.08,19.78,3348,1024,512,256,1009257853.6588697
FFT,float64,1024,1024,1024,16,1,NCCL,4,26.74,6.59,35.17,10.0,2.54,11.45,8711,1024,512,256,1032811078.8431948
FFT,float64,1024,1024,1024,8,4,NCCL,8,29.24,11.36,25.54,14.27,2.84,17.03,7156,1024,512,256,1301883699.6884878
FFT,float64,1024,1024,1024,4,8,NCCL,8,24.42,9.36,21.91,26.18,2.19,20.71,7980,1024,512,256,1919943440.6622393
FFT,float64,1024,1024,1024,1,32,NCCL,8,19.47,8.24,27.95,29.49,2.51,13.98,6021,1024,512,256,1667718902.108801
FFT,float64,1024,1024,1024,32,1,NCCL,8,13.75,5.47,17.69,23.78,2.62,19.78,6422,1024,512,256,1000772282.1640345
FFT,float64,1024,1024,1024,8,16,NCCL,32,19.4,11.1,39.42,26.46,4.71,16.51,8946,1024,512,256,1001839985.5804331
FFT,float64,1024,1024,1024,16,8,NCCL,32,25.49,5.4,25.85,20.16,2.0,19.33,1839,1024,512,256,1082377400.175751
FFT,float64,1024,1024,1024,1,64,NCCL,16,25.32,12.83,29.92,26.48,1.04,24.66,1617,1024,512,256,1781379779.3560638
FFT,float64,1024,1024,1024,64,1,NCCL,16,27.38,11.1,39.59,28.4,2.66,23.64,7771,1024,512,256,1786759634.1417074
FFT,float64,1024,1024,1024,16,16,NCCL,64,24.15,5.29,30.82,21.2,4.66,19.29,7785,1024,512,256,1234928283.3065364
FFT,float64,1024,1024,1024,1,128,NCCL,32,22.08,13.57,38.99,28.08,2.94,12.64,3119,1024,512,256,1491011993.5849757
FFT,float64,1024,1024,1024,128,1,NCCL,32,29.83,6.45,30.37,18.02,3.28,12.01,9717,1024,512,256,1276691397.4174466
FFT,float64,1024,1024,1024,1,256,NCCL,64,26.83,7.32,24.41,19.66,1.82,16.85,9039,1024,512,256,1868143936.122684
FFT,float64,1024,1024,1024,256,1,NCCL,64,27.9,9.11,25.64,10.91,2.41,14.8,9598,1024,512,256,1435420694.7507038
FFT,float64,1024,1024,1024,128,2,NCCL,64,19.27,7.86,26.77,28.95,3.52,19.98,2531,1024,512,256,1790368472.5745277
FFT,float64,1024,1024,1024,2,128,NCCL,64,24.82,10.79,21.79,25.1,4.53,19.9,4323,1024,512,256,1528724816.3004513
FFT,float64,2048,2048,2048,1,4,NCCL,1,22.29,8.78,21.76,11.5,3.68,24.2,6988,2048,1024,512,1901848480.8514614
FFT,float64,2048,2048,2048,4,1,NCCL,1,16.31,13.43,29.76,15.38,4.66,12.24,7806,2048,1024,512,1080901959.72107
FFT,float64,2048,2048,2048,2,2,NCCL,1,10.71,13.5,22.27,13.73,3.93,17.94,1588,2048,1024,512,1913119567.3376446
FFT,float64,2048,2048,2048,2,4,NCCL,2,15.44,14.38,22.21,13.41,3.08,22.48,3072,2048,1024,512,1752263580.8730578
FFT,float64,2048,2048,2048,4,2,NCCL,2,18.0,7.4,16.52,27.21,4.82,12.09,5727,2048,1024,512,1654019287.1335797
FFT,float64,2048,2048,2048,8,1,NCCL,2,17.82,11.17,30.55,11.97,2.41,14.64,6403,2048,1024,512,1254569792.6225803
FFT,float64,2048,2048,2048,1,8,NCCL,2,16.12,10.33,19.98,14.23,2.4,12.75,9365,2048,1024,512,1491054477.0401382
FFT,float64,2048,2048,2048,4,4,NCCL,4,13.59,7.08,39.53,24.59,4.69,11.08,8045,2048,1024,512,1514825951.252255
FFT,float64,2048,2048,2048,8,2,NCCL,4,25.73,14.51,39.56,26.63,1.69,24.8,4683,2048,1024,512,1780714176.029065
FFT,float64,2048,2048,2048,2,8,NCCL,4,23.22,6.59,19.49,18.95,1.17,19.85,2664,2048,1024,512,1210758244.5122657
FFT,float64,2048,2048,2048,1,16,NCCL,4,27.32,10.81,21.96,10.77,2.23,24.17,8274,2048,1024,512,1005841099.8242466
FFT,float64,2048,2048,2048,16,1,NCCL,4,13.16,10.76,18.41,12.57,3.61,24.28,1189,2048,1024,512,1718489201.4378324
FFT,float64,2048,2048,2048,8,4,NCCL,8,15.03,8.44,36.07,21.23,4.07,17.35,1531,2048,1024,512,1405764247.7392712
FFT,float64,2048,2048,2048,4,8,NCCL,8,18.65,5.52,38.92,12.88,2.83,23.11,5894,2048,1024,512,1458511676.2456946
FFT,float64,2048,2048,2048,1,32,NCCL,8,23.24,7.37,28.39,16.23,1.45,20.09,9999,2048,1024,512,1785953153.265123
FFT,float64,2048,2048,2048,32,1,NCCL,8,21.32,6.43,32.84,20.36,4.83,21.25,8400,2048,1024,512,1508510897.859805
FFT,float64,2048,2048,2048,8,16,NCCL,32,12.24,11.62,32.27,22.83,4.85,14.81,2764,2048,1024,512,1829820757.322896
FFT,float64,2048,2048,2048,16,8,NCCL,32,22.2,8.57,24.05,24.37,4.55,15.91,2305,2048,1024,512,1622347345.4175963
FFT,float64,2048,2048,2048,1,64,NCCL,16,21.21,9.59,27.36,17.23,4.26,19.76,1849,2048,1024,512,1591115243.1368275
FFT,float64,2048,2048,2048,64,1,NCCL,16,19.77,7.08,28.67,28.59,3.38,20.61,7294,2048,1024,512,1110285806.4285636
FFT,float64,2048,2048,2048,16,16,NCCL,64,21.51,10.39,18.95,26.55,4.28,12.1,3991,2048,1024,512,1071430713.6176338
FFT,float64,2048,2048,2048,1,128,NCCL,32,19.39,10.01,24.95,26.58,3.72,12.39,2909,2048,1024,512,1359090128.0696518
FFT,float64,2048,2048,2048,128,1,NCCL,32,13.92,13.41,22.11,22.67,1.42,17.38,7686,2048,1024,512,1901495154.1680872
FFT,float64,2048,2048,2048,1,256,NCCL,64,26.22,11.01,19.37,24.15,4.03,17.8,1841,2048,1024,512,1348808701.448747
FFT,float64,2048,2048,2048,256,1,NCCL,64,13.39,11.14,29.35,10.95,3.51,12.71,9376,2048,1024,512,1487766798.8393738
FFT,float64,2048,2048,2048,128,2,NCCL,64,17.38,9.6,29.01,13.69,1.28,24.4,5870,2048,1024,512,1381835982.4461722
FFT,float64,2048,2048,2048,2,128,NCCL,64,25.04,13.96,30.76,14.18,1.08,16.85,1392,2048,1024,512,1940180607.432681
FFT,float64,4096,4096,4096,1,4,NCCL,1,22.34,6.36,15.06,16.76,4.14,22.63,7297,4096,2048,1024,1777278632.5201902
FFT,float64,4096,4096,4096,4,1,NCCL,1,17.68,13.05,30.81,19.19,1.78,20.69,6237,4096,2048,1024,1480517738.8163662
FFT,float64,4096,4096,4096,2,2,NCCL,1,22.99,10.3,29.78,26.93,2.11,18.1,7579,4096,2048,1024,1561404957.456716
FFT,float64,4096,4096,4096,2,4,NCCL,2,25.13,7.41,22.09,10.5,1.12,13.59,5243,4096,2048,1024,1921702024.477564
FFT,float64,4096,4096,4096,4,2,NCCL,2,13.08,14.62,36.84,26.71,1.53,15.04,1036,4096,2048,1024,1744213389.1261926
FFT,float64,4096,4096,4096,8,1,NCCL,2,21.36,11.12,35.08,23.36,3.86,23.81,4304,4096,2048,1024,1641979075.531499
FFT,float64,4096,4096,4096,1,8,NCCL,2,20.76,10.84,21.6,10.0,3.28,16.99,6765,4096,2048,1024,1812254472.623117
FFT,float64,4096,4096,4096,4,4,NCCL,4,27.4,5.07,30.85,28.84,2.91,13.5,3324,4096,2048,1024,1122717053.9463117
FFT,float64,4096,4096,4096,8,2,NCCL,4,28.4,11.67,24.68,14.88,4.59,19.09,9257,4096,2048,1024,1338289690.279996
FFT,float64,4096,4096,4096,2,8,NCCL,4,19.25,7.35,25.93,23.85,3.85,13.35,8958,4096,2048,1024,1319368769.6587691
FFT,float64,4096,4096,4096,1,16,NCCL,4,15.76,5.17,27.42,27.72,4.62,23.89,8435,4096,2048,1024,1529243713.3184695
FFT,float64,4096,4096,4096,16,1,NCCL,4,14.21,11.15,25.87,16.09,4.21,13.56,6836,4096,2048,1024,1450714345.0962954
FFT,float64,4096,4096,4096,8,4,NCCL,8,24.69,6.45,31.13,13.42,3.03,24.57,9197,4096,2048,1024,1267076857.8076608
FFT,float64,4096,4096,4096,4,8,NCCL,8,16.48,7.56,32.29,22.7,1.86,22.67,2280,4096,2048,1024,1784934675.4797058
FFT,float64,4096,4096,4096,1,32,NCCL,8,14.61,7.84,16.49,15.14,1.44,20.88,3580,4096,2048,1024,1630829110.324264
FFT,float64,4096,4096,4096,32,1,NCCL,8,23.34,13.35,24.09,13.76,3.26,13.85,6877,4096,2048,1024,1963945988.8901339
FFT,float64,4096,4096,4096,8,16,NCCL,32,14.22,10.34,39.25,12.94,4.74,19.06,2650,4096,2048,1024,1507062721.2800784
FFT,float64,4096,4096,4096,16,8,NCCL,32,25.81,11.55,18.71,10.86,3.55,23.09,5886,4096,2048,1024,1382101199.1821654
FFT,float64,4096,4096,4096,1,64,NCCL,16,15.33,13.75,39.83,15.36,3.66,14.69,4833,4096,2048,1024,1666048358.4563918
FFT,float64,4096,4096,4096,64,1,NCCL,16,11.15,11.96,34.26,16.63,1.86,16.69,8850,4096,2048,1024,1014643240.4853538
FFT,float64,4096,4096,4096,16,16,NCCL,64,12.76,9.16,18.35,27.96,3.03,18.2,8388,4096,2048,1024,1186071947.6300848
FFT,float64,4096,4096,4096,1,128,NCCL,32,26.61,5.86,15.43,15.0,4.78,24.97,1499,4096,2048,1024,1704466958.6930666
FFT,float64,4096,4096,4096,128,1,NCCL,32,19.75,11.96,35.82,24.92,2.38,12.49,1563,4096,2048,1024,1047308548.9794858
FFT,float64,4096,4096,4096,1,256,NCCL,64,18.22,9.09,38.87,23.57,4.93,13.93,9634,4096,2048,1024,1556874246.035531
FFT,float64,4096,4096,4096,256,1,NCCL,64,23.62,12.48,33.23,11.85,3.31,13.24,2071,4096,2048,1024,1709520636.0155916
FFT,float64,4096,4096,4096,128,2,NCCL,64,10.59,9.39,31.85,20.32,3.69,20.33,2639,4096,2048,1024,1396079304.9761024
FFT,float64,4096,4096,4096,2,128,NCCL,64,13.82,10.08,37.46,25.89,4.53,24.0,4531,4096,2048,1024,1722511687.6444197
FFT,float64,8192,8192,8192,1,4,NCCL,1,13.37,5.71,16.69,28.97,1.64,20.72,6885,8192,4096,2048,1230997225.7582135
FFT,float64,8192,8192,8192,4,1,NCCL,1,15.93,8.27,15.25,14.08,2.95,18.1,1426,8192,4096,2048,1328104623.9914863
FFT,float64,8192,8192,8192,2,2,NCCL,1,16.79,11.55,17.67,26.59,4.35,19.03,9807,8192,4096,2048,1131355920.810356
FFT,float64,8192,8192,8192,2,4,NCCL,2,26.15,9.05,19.18,17.79,4.43,19.71,6940,8192,4096,2048,1632483750.173435
FFT,float64,8192,8192,8192,4,2,NCCL,2,27.0,8.87,18.55,23.0,1.08,17.32,7241,8192,4096,2048,1697329194.5840936
FFT,float64,8192,8192,8192,8,1,NCCL,2,24.6,6.5,34.73,24.69,2.92,16.39,3882,8192,4096,2048,1106166250.534397
FFT,float64,8192,8192,8192,1,8,NCCL,2,12.8,8.02,37.11,15.44,4.61,23.84,8947,8192,4096,2048,1329095750.8625422
FFT,float64,8192,8192,8192,4,4,NCCL,4,15.78,8.49,19.07,22.05,2.47,11.89,2506,8192,4096,2048,1675253663.022593
FFT,float64,8192,8192,8192,8,2,NCCL,4,24.98,11.95,39.96,17.54,1.61,20.17,8226,8192,4096,2048,1316762336.4014783
FFT,float64,8192,8192,8192,2,8,NCCL,4,13.6,9.17,35.53,28.89,1.47,11.23,3451,8192,4096,2048,1474541087.8198624
FFT,float64,8192,8192,8192,1,16,NCCL,4,11.03,9.46,35.91,11.88,1.72,22.13,1833,8192,4096,2048,1659836331.1308858
FFT,float64,8192,8192,8192,16,1,NCCL,4,20.46,13.31,39.63,21.23,3.62,18.57,4320,8192,4096,2048,1852137117.4794495
FFT,float64,8192,8192,8192,8,4,NCCL,8,10.81,7.06,29.94,10.25,4.34,15.04,3620,8192,4096,2048,1222663081.8429654
FFT,float64,8192,8192,8192,4,8,NCCL,8,25.44,12.41,19.76,12.95,4.93,17.83,2192,8192,4096,2048,1330863195.3038933
FFT,float64,8192,8192,8192,1,32,NCCL,8,26.0,11.92,39.94,27.88,3.16,21.97,2149,8192,4096,2048,1063070973.5991457
FFT,float64,8192,8192,8192,32,1,NCCL,8,19.38,5.94,24.62,19.3,4.21,14.88,1992,8192,4096,2048,1547638759.0553374
FFT,float64,8192,8192,8192,8,16,NCCL,32,14.42,14.18,18.87,23.59,3.94,24.23,8142,8192,4096,2048,1884497379.5594559
FFT,float64,8192,8192,8192,16,8,NCCL,32,13.42,9.11,32.28,26.57,3.13,15.85,6087,8192,4096,2048,1604399034.3842757
FFT,float64,8192,8192,8192,1,64,NCCL,16,24.85,11.2,37.63,23.62,2.92,18.83,9314,8192,4096,2048,1705406261.7676964
FFT,float64,8192,8192,8192,64,1,NCCL,16,27.13,14.16,34.83,15.48,1.37,15.11,5576,8192,4096,2048,1047422378.1460465
FFT,float64,8192,8192,8192,16,16,NCCL,64,25.22,10.81,29.2,19.89,3.28,24.98,1439,8192,4096,2048,1092799644.52631
FFT,float64,8192,8192,8192,1,128,NCCL,32,13.66,12.98,34.03,21.44,2.11,15.83,2109,8192,4096,2048,1202187019.3344975
FFT,float64,8192,8192,8192,128,1,NCCL,32,19.13,9.61,30.7,10.79,1.84,22.18,1012,8192,4096,2048,1788251928.8160405
FFT,float64,8192,8192,8192,1,256,NCCL,64,25.99,8.23,18.38,22.84,3.82,20.71,5635,8192,4096,2048,1064379674.1350201
FFT,float64,8192,8192,8192,256,1,NCCL,64,10.59,6.55,38.54,21.53,4.77,20.24,8922,8192,4096,2048,1390420890.426065
FFT,float64,8192,8192,8192,128,2,NCCL,64,26.98,9.13,15.4,10.62,1.37,22.1,8897,8192,4096,2048,1528016494.295646
FFT,float64,8192,8192,8192,2,128,NCCL,64,17.28,7.26,36.64,18.79,2.71,13.89,4011,8192,4096,2048,1785550409.1446555
FFT,float64,16384,16384,16384,1,4,NCCL,1,12.36,6.95,25.53,17.0,4.81,16.36,9373,16384,8192,4096,1916640341.3138149
FFT,float64,16384,16384,16384,4,1,NCCL,1,24.44,11.75,26.57,18.49,2.49,16.27,6206,16384,8192,4096,1847998508.9019418
FFT,float64,16384,16384,16384,2,2,NCCL,1,15.64,6.22,23.75,13.41,1.99,12.1,2035,16384,8192,4096,1584756117.0241756
FFT,float64,16384,16384,16384,2,4,NCCL,2,18.78,5.16,20.24,25.01,1.22,22.37,2477,16384,8192,4096,1813600487.536714
FFT,float64,16384,16384,16384,4,2,NCCL,2,12.28,10.62,15.84,19.54,1.45,12.72,9764,16384,8192,4096,1427667803.9874475
FFT,float64,16384,16384,16384,8,1,NCCL,2,25.56,8.82,35.09,23.44,1.42,15.09,6678,16384,8192,4096,1411369970.5819845
FFT,float64,16384,16384,16384,1,8,NCCL,2,13.53,8.79,35.49,29.23,2.0,24.97,8218,16384,8192,4096,1197469099.9967997
FFT,float64,16384,16384,16384,4,4,NCCL,4,25.57,13.6,15.8,21.42,3.3,13.2,5428,16384,8192,4096,1414372435.0385122
FFT,float64,16384,16384,16384,8,2,NCCL,4,18.69,14.36,22.89,12.03,3.24,13.11,3313,16384,8192,4096,1461139364.6788907
FFT,float64,16384,16384,16384,2,8,NCCL,4,18.95,8.52,24.25,20.04,4.26,22.18,7924,16384,8192,4096,1180943291.736084
FFT,float64,16384,16384,16384,1,16,NCCL,4,24.27,11.83,32.77,11.82,2.34,22.17,3869,16384,8192,4096,1548554903.9948084
FFT,float64,16384,16384,16384,16,1,NCCL,4,26.19,5.84,25.1,26.88,4.26,19.27,1772,16384,8192,4096,1595963362.3041565
FFT,float64,16384,16384,16384,8,4,NCCL,8,22.93,11.55,38.46,13.83,4.23,16.62,3477,16384,8192,4096,1392063534.40702
FFT,float64,16384,16384,16384,4,8,NCCL,8,22.77,10.25,27.38,25.56,4.04,13.69,6680,16384,8192,4096,1827701192.082056
FFT,float64,16384,16384,16384,1,32,NCCL,8,19.98,10.04,20.41,14.54,1.9,18.5,1115,16384,8192,4096,1190034063.3942664
FFT,float64,16384,16384,16384,32,1,NCCL,8,20.9,11.66,22.1,28.29,3.51,23.9,4454,16384,8192,4096,1200548311.5875762
FFT,float64,16384,16384,16384,8,16,NCCL,32,22.25,8.71,36.39,27.53,2.02,18.64,2943,16384,8192,4096,1120635382.2317054
FFT,float64,16384,16384,16384,16,8,NCCL,32,27.5,14.47,31.13,14.12,2.83,22.69,8331,16384,8192,4096,1353209765.752069
FFT,float64,16384,16384,16384,1,64,NCCL,16,20.75,5.83,16.99,17.81,1.92,19.11,6617,16384,8192,4096,1388409603.1149373
FFT,float64,16384,16384,16384,64,1,NCCL,16,24.11,6.74,35.39,24.67,4.15,11.97,2875,16384,8192,4096,1514057271.9083195
FFT,float64,16384,16384,16384,16,16,NCCL,64,23.63,14.86,22.44,26.57,4.46,12.25,9076,16384,8192,4096,1120189126.9080985
FFT,float64,16384,16384,16384,1,128,NCCL,32,18.04,9.0,37.7,18.43,1.63,14.48,5572,16384,8192,4096,1802419909.018096
FFT,float64,16384,16384,16384,128,1,NCCL,32,14.93,13.38,39.34,11.59,1.97,23.97,9927,16384,8192,4096,1105893820.5406718
FFT,float64,16384,16384,16384,1,256,NCCL,64,15.71,13.78,39.06,18.74,3.8,20.21,5792,16384,8192,4096,1524465685.3049784
FFT,float64,16384,16384,16384,256,1,NCCL,64,28.72,6.16,31.38,27.81,1.88,15.0,2879,16384,8192,4096,1842254427.9607584
FFT,float64,16384,16384,16384,128,2,NCCL,64,28.24,7.47,22.38,10.31,4.09,11.5,6177,16384,8192,4096,1873482513.9428868
FFT,float64,16384,16384,16384,2,128,NCCL,64,23.42,7.35,35.47,21.84,2.53,20.03,3873,16384,8192,4096,1775661566.8671117
IFFT,float32,1024,1024,1024,1,4,NCCL,1,11.91,14.71,30.14,25.45,3.63,22.89,2566,1024,512,256,1193056505.3268905
IFFT,float32,1024,1024,1024,4,1,NCCL,1,21.41,14.74,28.09,16.77,2.45,24.64,7616,1024,512,256,1253905406.4758995
IFFT,float32,1024,1024,1024,2,2,NCCL,1,26.28,14.72,24.29,19.44,2.34,14.62,9135,1024,512,256,1649547012.7913175
IFFT,float32,1024,1024,1024,2,4,NCCL,2,27.67,9.4,29.43,23.06,1.94,19.88,4698,1024,512,256,1602731806.867393
IFFT,float32,1024,1024,1024,4,2,NCCL,2,17.56,8.32,17.85,17.94,1.99,12.64,9095,1024,512,256,1560806061.2885718
IFFT,float32,1024,1024,1024,8,1,NCCL,2,26.53,7.66,28.65,20.1,4.22,16.21,6214,1024,512,256,1651839353.301564
IFFT,float32,1024,1024,1024,1,8,NCCL,2,28.76,10.39,23.63,29.82,4.58,23.8,4848,1024,512,256,1716694917.6868515
IFFT,float32,1024,1024,1024,4,4,NCCL,4,25.58,9.16,25.71,28.02,3.71,11.16,8488,1024,512,256,1823782056.608251
IFFT,float32,1024,1024,1024,8,2,NCCL,4,28.4,6.41,31.34,18.9,4.64,18.98,3929,1024,512,256,1630854052.8633566
IFFT,float32,1024,1024,1024,2,8,NCCL,4,22.27,9.93,21.67,14.68,2.92,14.06,9082,1024,512,256,1266347755.2549396
IFFT,float32,1024,1024,1024,1,16,NCCL,4,22.08,6.25,31.72,29.74,4.79,16.4,2212,1024,512,256,1656774989.5331821
IFFT,float32,1024,1024,1024,16,1,NCCL,4,15.47,9.61,36.96,19.38,3.67,18.06,2181,1024,512,256,1541102407.910184
IFFT,float32,1024,1024,1024,8,4,NCCL,8,15.01,9.1,22.69,27.75,2.78,14.98,8251,1024,512,256,1344511965.909892
IFFT,float32,1024,1024,1024,4,8,NCCL,8,18.61,11.6,17.4,29.26,1.28,15.86,6074,1024,512,256,1427541484.1163263
IFFT,float32,1024,1024,1024,1,32,NCCL,8,27.78,9.92,29.64,28.19,4.36,21.46,4133,1024,512,256,1696235320.3640146
IFFT,float32,1024,1024,1024,32,1,NCCL,8,11.11,6.69,33.41,20.18,2.78,16.14,9143,1024,512,256,1868485071.1135707
IFFT,float32,1024,1024,1024,8,16,NCCL,32,27.97,14.75,16.04,19.23,3.35,20.85,4444,1024,512,256,1845350958.197987
IFFT,float32,1024,1024,1024,16,8,NCCL,32,29.04,11.58,22.53,10.31,3.37,15.45,3170,1024,512,256,1827614766.6432333
IFFT,float32,1024,1024,1024,1,64,NCCL,16,21.23,7.4,16.9,13.6,1.03,21.48,3313,1024,512,256,1483945525.8661363
IFFT,float32,1024,1024,1024,64,1,NCCL,16,25.39,9.92,35.36,14.04,3.47,13.36,4565,1024,512,256,1364283061.3593118
IFFT,float32,1024,1024,1024,16,16,NCCL,64,22.5,8.85,26.68,18.88,1.82,22.56,6818,1024,512,256,1072578724.4707041
IFFT,float32,1024,1024,1024,1,128,NCCL,32,21.01,6.04,36.24,18.62,3.09,18.73,7191,1024,512,256,1602688995.480938
IFFT,float32,1024,1024,1024,128,1,NCCL,32,19.92,11.62,19.17,29.71,3.59,11.5,7078,1024,512,256,1118086838.9222844
IFFT,float32,1024,1024,1024,1,256,NCCL,64,17.09,13.25,27.7,13.9,2.35,24.25,7801,1024,512,256,1568305488.0793889
IFFT,float32,1024,1024,1024,256,1,NCCL,64,11.38,13.86,17.75,10.51,1.23,14.22,4408,1024,512,256,1095122014.9655933
IFFT,float32,1024,1024,1024,128,2,NCCL,64,12.39,14.8,32.63,16.7,1.89,13.26,8999,1024,512,256,1583076574.0607061
IFFT,float32,1024,1024,1024,2,128,NCCL,64,20.84,9.21,24.85,10.27,2.47,23.26,6476,1024,512,256,1054748688.4774185
IFFT,float32,2048,2048,2048,1,4,NCCL,1,13.83,6.75,37.05,14.47,4.38,22.07,4353,2048,1024,512,1960390614.0041385
IFFT,float32,2048,2048,2048,4,1,NCCL,1,24.57,12.58,28.28,15.57,2.48,16.34,4471,2048,1024,512,1135770304.8038943
IFFT,float32,2048,2048,2048,2,2,NCCL,1,27.94,13.4,18.41,16.74,4.41,15.81,9312,2048,1024,512,1408999464.2687283
IFFT,float32,2048,2048,2048,2,4,NCCL,2,10.77,5.57,22.83,21.45,3.14,15.83,7116,2048,1024,512,1292135054.1203728
IFFT,float32,2048,2048,2048,4,2,NCCL,2,16.58,9.51,38.72,16.66,2.21,23.14,4407,2048,1024,512,1643210556.9140475
IFFT,float32,2048,2048,2048,8,1,NCCL,2,16.22,13.69,36.05,23.72,4.63,24.31,7228,2048,1024,512,1483471065.675508
IFFT,float32,2048,2048,2048,1,8,NCCL,2,29.4,13.5,39.3,25.44,2.47,19.26,1957,2048,1024,512,1134720659.543082
IFFT,float32,2048,2048,2048,4,4,NCCL,4,19.81,12.08,26.9,21.77,1.41,17.63,4386,2048,1024,512,1789190030.1582725
IFFT,float32,2048,2048,2048,8,2,NCCL,4,24.86,5.93,36.08,12.37,3.18,17.62,7030,2048,1024,512,1806640411.662142
IFFT,float32,2048,2048,2048,2,8,NCCL,4,14.79,5.05,36.15,26.29,1.36,17.1,2709,2048,1024,512,1978418089.719407
IFFT,float32,2048,2048,2048,1,16,NCCL,4,24.07,7.19,19.86,22.68,3.92,21.68,7558,2048,1024,512,1384613245.0038562
IFFT,float32,2048,2048,2048,16,1,NCCL,4,22.8,7.82,23.92,11.25,1.99,22.78,2289,2048,1024,512,1809889008.3772142
IFFT,float32,2048,2048,2048,8,4,NCCL,8,19.86,5.32,36.19,18.66,1.56,18.66,9434,2048,1024,512,1606141163.7913914
IFFT,float32,2048,2048,2048,4,8,NCCL,8,10.46,7.74,21.7,28.24,1.28,20.91,5895,2048,1024,512,1474407753.340735
IFFT,float32,2048,2048,2048,1,32,NCCL,8,25.24,8.11,23.74,16.92,2.61,20.97,6177,2048,1024,512,1503155273.769925
IFFT,float32,2048,2048,2048,32,1,NCCL,8,28.99,7.22,24.14,17.04,1.98,23.98,7745,2048,1024,512,1768355725.3111858
IFFT,float32,2048,2048,2048,8,16,NCCL,32,22.9,13.91,15.2,16.61,4.93,19.93,9694,2048,1024,512,1708635170.1512675
IFFT,float32,2048,2048,2048,16,8,NCCL,32,17.71,6.9,36.49,16.63,2.52,22.49,1065,2048,1024,512,1244372932.9311726
IFFT,float32,2048,2048,2048,1,64,NCCL,16,24.13,10.8,39.78,29.0,2.92,23.93,1058,2048,1024,512,1218006587.247204
IFFT,float32,2048,2048,2048,64,1,NCCL,16,25.99,13.23,24.49,19.97,2.94,13.08,9420,2048,1024,512,1219086020.1675525
IFFT,float32,2048,2048,2048,16,16,NCCL,64,17.73,6.96,35.98,28.43,3.68,12.02,7620,2048,1024,512,1343498587.9510846
IFFT,float32,2048,2048,2048,1,128,NCCL,32,20.04,7.49,36.29,17.05,2.33,15.95,1895,2048,1024,512,1076638799.6240394
IFFT,float32,2048,2048,2048,128,1,NCCL,32,12.64,6.08,28.47,29.94,1.52,16.13,7289,2048,1024,512,1019054303.7520148
IFFT,float32,2048,2048,2048,1,256,NCCL,64,10.13,10.57,37.11,13.75,1.56,12.22,9539,2048,1024,512,1665163638.7785015
IFFT,float32,2048,2048,2048,256,1,NCCL,64,21.81,6.9,20.8,12.59,1.58,15.38,8219,2048,1024,512,1225725876.2314203
IFFT,float32,2048,2048,2048,128,2,NCCL,64,21.12,5.64,15.53,26.79,4.89,12.8,9875,2048,1024,512,1887122285.7177272
IFFT,float32,2048,2048,2048,2,128,NCCL,64,21.59,10.17,30.42,19.22,2.23,12.56,8366,2048,1024,512,1957465846.074429
IFFT,float32,4096,4096,4096,1,4,NCCL,1,11.77,9.66,39.9,23.09,4.26,20.53,7528,4096,2048,1024,1523717677.7482986
IFFT,float32,4096,4096,4096,4,1,NCCL,1,15.87,12.43,35.49,17.47,1.1,12.52,1077,4096,2048,1024,1348069167.370336
IFFT,float32,4096,4096,4096,2,2,NCCL,1,10.31,13.65,31.6,28.3,2.24,20.5,6044,4096,2048,1024,1133912738.0791016
IFFT,float32,4096,4096,4096,2,4,NCCL,2,29.05,5.28,26.15,23.56,2.79,22.85,4557,4096,2048,1024,1061798696.3561517
IFFT,float32,4096,4096,4096,4,2,NCCL,2,24.7,5.01,23.92,27.05,2.25,19.33,3315,4096,2048,1024,1730055527.3547528
IFFT,float32,4096,4096,4096,8,1,NCCL,2,22.81,14.1,38.92,29.04,2.72,20.74,2556,4096,2048,1024,1294576495.6838362
IFFT,float32,4096,4096,4096,1,8,NCCL,2,20.69,5.71,24.03,28.14,3.09,23.85,2545,4096,2048,1024,1038545295.0997511
IFFT,float32,4096,4096,4096,4,4,NCCL,4,19.97,10.09,16.0,13.01,2.06,22.18,7225,4096,2048,1024,1435333560.501338
IFFT,float32,4096,4096,4096,8,2,NCCL,4,19.49,10.01,36.77,25.69,1.29,17.89,4381,4096,2048,1024,1212679689.9099293
IFFT,float32,4096,4096,4096,2,8,NCCL,4,23.16,11.87,19.96,13.62,1.96,19.55,4135,4096,2048,1024,1935197290.0979352
IFFT,float32,4096,4096,4096,1,16,NCCL,4,25.92,8.11,21.2,24.77,3.24,21.73,4718,4096,2048,1024,1057200770.9820606
IFFT,float32,4096,4096,4096,16,1,NCCL,4,16.97,13.71,34.44,23.25,2.82,22.18,4098,4096,2048,1024,1547397342.5884027
IFFT,float32,4096,4096,4096,8,4,NCCL,8,19.67,7.53,22.99,24.8,1.38,15.61,7541,4096,2048,1024,1284265612.8984513
IFFT,float32,4096,4096,4096,4,8,NCCL,8,21.03,10.17,29.59,26.19,2.3,22.59,1938,4096,2048,1024,1704716718.7422266
IFFT,float32,4096,4096,4096,1,32,NCCL,8,22.8,14.12,21.62,26.04,3.12,22.47,6883,4096,2048,1024,1111345499.0177162
IFFT,float32,4096,4096,4096,32,1,NCCL,8,23.79,11.22,16.05,20.82,3.49,18.29,8809,4096,2048,1024,1685580308.405704
IFFT,float32,4096,4096,4096,8,16,NCCL,32,26.22,6.87,20.32,27.67,4.76,21.85,6705,4096,2048,1024,1403805214.7971737
IFFT,float32,4096,4096,4096,16,8,NCCL,32,23.19,13.6,32.04,16.77,4.04,15.72,8773,4096,2048,1024,1175738708.4984698
IFFT,float32,4096,4096,4096,1,64,NCCL,16,14.56,13.58,37.87,16.8,2.41,18.47,8814,4096,2048,1024,1230315810.6053967
IFFT,float32,4096,4096,4096,64,1,NCCL,16,17.8,9.38,38.84,13.35,2.8,17.32,9473,4096,2048,1024,1402603027.1478767
IFFT,float32,4096,4096,4096,16,16,NCCL,64,11.78,11.57,30.29,17.45,4.72,13.16,8433,4096,2048,1024,1238267559.9348829
IFFT,float32,4096,4096,4096,1,128,NCCL,32,16.23,5.79,24.78,25.47,1.91,21.58,2640,4096,2048,1024,1894853282.3118873
IFFT,float32,4096,4096,4096,128,1,NCCL,32,19.42,6.02,35.82,12.12,3.31,24.79,1416,4096,2048,1024,1996354554.1318235
IFFT,float32,4096,4096,4096,1,256,NCCL,64,19.53,12.37,33.09,27.68,4.19,16.81,6801,4096,2048,1024,1519587629.7257164
IFFT,float32,4096,4096,4096,256,1,NCCL,64,18.95,7.04,30.44,19.72,4.93,21.23,6150,4096,2048,1024,1155364380.2120936
IFFT,float32,4096,4096,4096,128,2,NCCL,64,11.23,8.83,17.76,23.17,3.43,17.1,1401,4096,2048,1024,1085058566.3978033
IFFT,float32,4096,4096,4096,2,128,NCCL,64,13.61,11.4,22.92,12.93,3.19,17.56,9096,4096,2048,1024,1286691011.8480225
IFFT,float32,8192,8192,8192,1,4,NCCL,1,29.98,12.77,39.85,28.47,2.88,13.59,9347,8192,4096,2048,1888904412.8434682
IFFT,float32,8192,8192,8192,4,1,NCCL,1,28.04,13.33,26.21,22.29,2.53,17.25,9784,8192,4096,2048,1159429301.478156
IFFT,float32,8192,8192,8192,2,2,NCCL,1,26.64,8.46,22.06,22.72,3.03,23.92,8670,8192,4096,2048,1561178214.3992133
IFFT,float32,8192,8192,8192,2,4,NCCL,2,14.53,11.96,38.21,12.4,3.91,12.94,7850,8192,4096,2048,1753389794.2871473
IFFT,float32,8192,8192,8192,4,2,NCCL,2,28.43,7.29,33.32,23.2,3.51,24.3,6341,8192,4096,2048,1499454490.0144737
IFFT,float32,8192,8192,8192,8,1,NCCL,2,24.47,6.07,28.25,27.49,2.23,18.15,1661,8192,4096,2048,1337769874.0763912
IFFT,float32,8192,8192,8192,1,8,NCCL,2,17.24,9.22,34.81,27.17,4.08,17.83,7727,8192,4096,2048,1850021195.2160773
IFFT,float32,8192,8192,8192,4,4,NCCL,4,27.64,7.36,35.94,23.04,3.6,20.96,9045,8192,4096,2048,1249466025.983841
IFFT,float32,8192,8192,8192,8,2,NCCL,4,14.96,9.67,30.77,24.31,3.83,12.63,2305,8192,4096,2048,1127147841.633748
IFFT,float32,8192,8192,8192,2,8,NCCL,4,19.36,9.11,35.35,14.52,2.27,11.61,1618,8192,4096,2048,1066392987.0412632
IFFT,float32,8192,8192,8192,1,16,NCCL,4,18.85,8.36,15.06,27.01,3.86,21.22,7539,8192,4096,2048,1894004084.3814898
IFFT,float32,8192,8192,8192,16,1,NCCL,4,28.65,7.82,36.44,19.46,1.33,20.55,8145,8192,4096,2048,1773407794.0703077
IFFT,float32,8192,8192,8192,8,4,NCCL,8,27.58,14.28,20.12,11.4,3.0,17.7,8472,8192,4096,2048,1959548057.7704155
IFFT,float32,8192,8192,8192,4,8,NCCL,8,21.16,8.34,22.8,15.27,3.27,17.16,4656,8192,4096,2048,1242890884.4377508
IFFT,float32,8192,8192,8192,1,32,NCCL,8,10.83,7.64,25.72,18.84,3.99,18.99,7912,8192,4096,2048,1551679998.6374326
IFFT,float32,8192,8192,8192,32,1,NCCL,8,12.64,8.43,26.46,16.2,4.08,11.91,4448,8192,4096,2048,1439859178.4453075
IFFT,float32,8192,8192,8192,8,16,NCCL,32,18.02,10.78,17.53,14.35,4.39,11.38,6270,8192,4096,2048,1039974999.1951004
IFFT,float32,8192,8192,8192,16,8,NCCL,32,26.74,5.06,30.01,23.96,3.1,14.86,5251,8192,4096,2048,1262976129.2761674
IFFT,float32,8192,8192,8192,1,64,NCCL,16,14.29,7.69,17.47,21.69,4.51,22.91,8579,8192,4096,2048,1761326901.2829275
IFFT,float32,8192,8192,8192,64,1,NCCL,16,28.44,13.47,36.91,21.36,1.56,23.97,8757,8192,4096,2048,1964341941.997962
IFFT,float32,8192,8192,8192,16,16,NCCL,64,28.39,11.33,17.39,11.19,2.63,16.57,5473,8192,4096,2048,1184063645.1700842
IFFT,float32,8192,8192,8192,1,128,NCCL,32,27.68,10.32,16.71,16.62,1.01,22.81,8257,8192,4096,2048,1104791713.9755235
IFFT,float32,8192,8192,8192,128,1,NCCL,32,21.9,7.96,16.26,19.91,4.21,19.32,5653,8192,4096,2048,1831367230.0550451
IFFT,float32,8192,8192,8192,1,256,NCCL,64,21.0,6.39,29.6,18.08,2.91,21.1,4093,8192,4096,2048,1400551066.0202422
IFFT,float32,8192,8192,8192,256,1,NCCL,64,10.24,9.66,35.84,27.72,1.99,14.32,6665,8192,4096,2048,1846136146.5069444
IFFT,float32,8192,8192,8192,128,2,NCCL,64,11.99,5.84,25.81,21.84,3.5,12.39,2515,8192,4096,2048,1603606384.7319226
IFFT,float32,8192,8192,8192,2,128,NCCL,64,28.32,10.92,34.9,13.51,2.45,16.61,3947,8192,4096,2048,1216961113.5573506
IFFT,float32,16384,16384,16384,1,4,NCCL,1,11.27,6.39,27.65,11.52,2.46,16.83,2697,16384,8192,4096,1222138217.9087205
IFFT,float32,16384,16384,16384,4,1,NCCL,1,12.75,5.27,18.33,27.02,1.14,24.48,9030,16384,8192,4096,1909902245.2344475
IFFT,float32,16384,16384,16384,2,2,NCCL,1,28.87,5.4,19.75,18.14,3.94,20.3,2573,16384,8192,4096,1621012063.5928502
IFFT,float32,16384,16384,16384,2,4,NCCL,2,10.82,7.08,35.63,17.79,3.23,14.58,7773,16384,8192,4096,1112788524.6726267
IFFT,float32,16384,16384,16384,4,2,NCCL,2,12.43,14.11,19.85,13.52,4.34,24.09,5019,16384,8192,4096,1165796786.3044536
IFFT,float32,16384,16384,16384,8,1,NCCL,2,21.1,11.44,15.68,11.09,3.19,16.44,5335,16384,8192,4096,1606343883.8585865
IFFT,float32,16384,16384,16384,1,8,NCCL,2,18.8,13.08,37.56,26.6,3.7,14.35,6798,16384,8192,4096,1222553544.0264516
IFFT,float32,16384,16384,16384,4,4,NCCL,4,12.67,9.72,24.83,26.89,2.78,22.58,4060,16384,8192,4096,1808372458.1583614
IFFT,float32,16384,16384,16384,8,2,NCCL,4,18.31,14.4,30.22,29.32,1.28,17.2,1970,16384,8192,4096,1921676619.7315173
IFFT,float32,16384,16384,16384,2,8,NCCL,4,17.28,13.64,38.74,25.19,3.26,23.79,1779,16384,8192,4096,1025297144.3688501
IFFT,float32,16384,16384,16384,1,16,NCCL,4,26.2,12.99,28.84,15.34,1.6,17.84,3171,16384,8192,4096,1336932238.8905125
IFFT,float32,16384,16384,16384,16,1,NCCL,4,13.19,13.36,25.07,12.22,4.55,18.32,5397,16384,8192,4096,1341284924.7465563
IFFT,float32,16384,16384,16384,8,4,NCCL,8,23.3,9.56,37.36,11.58,1.64,20.68,7343,16384,8192,4096,1142396744.8375692
IFFT,float32,16384,16384,16384,4,8,NCCL,8,19.37,8.18,22.37,25.88,1.81,18.97,7592,16384,8192,4096,1075358318.357458
IFFT,float32,16384,16384,16384,1,32,NCCL,8,19.82,7.21,17.18,27.84,4.58,18.65,3267,16384,8192,4096,1405056822.2406373
IFFT,float32,16384,16384,16384,32,1,NCCL,8,27.43,13.79,31.83,16.04,3.1,22.87,7449,16384,8192,4096,1965627319.6463661
IFFT,float32,16384,16384,16384,8,16,NCCL,32,20.18,13.44,34.82,15.47,2.82,21.66,5717,16384,8192,4096,1264148563.814089
IFFT,float32,16384,16384,16384,16,8,NCCL,32,29.82,7.29,29.83,23.09,1.61,23.51,9015,16384,8192,4096,1443700009.2482953
IFFT,float32,16384,16384,16384,1,64,NCCL,16,15.15,9.16,35.51,13.55,4.59,14.93,4049,16384,8192,4096,1098087304.264475
IFFT,float32,16384,16384,16384,64,1,NCCL,16,26.85,11.5,25.45,11.54,2.2,21.41,9907,16384,8192,4096,1040980705.2933788
IFFT,float32,16384,16384,16384,16,16,NCCL,64,17.46,13.04,33.28,15.49,1.44,13.64,7242,16384,8192,4096,1225391505.4649131
IFFT,float32,16384,16384,16384,1,128,NCCL,32,27.36,10.69,34.45,22.25,4.6,22.15,6508,16384,8192,4096,1431601955.9095426
IFFT,float32,16384,16384,16384,128,1,NCCL,32,12.69,8.37,33.35,14.97,4.1,23.24,4571,16384,8192,4096,1273107895.441897
IFFT,float32,16384,16384,16384,1,256,NCCL,64,15.25,6.21,25.74,22.38,3.18,14.83,7803,16384,8192,4096,1222248261.129079
IFFT,float32,16384,16384,16384,256,1,NCCL,64,27.44,14.81,16.26,10.06,4.94,24.71,7210,16384,8192,4096,1295811375.6789954
IFFT,float32,16384,16384,16384,128,2,NCCL,64,10.9,6.13,18.88,24.4,4.69,11.53,6111,16384,8192,4096,1235977592.9794576
IFFT,float32,16384,16384,16384,2,128,NCCL,64,12.48,11.53,31.22,13.34,2.22,15.24,8913,16384,8192,4096,1964125474.3420372
IFFT,float64,1024,1024,1024,1,4,NCCL,1,25.45,5.67,21.54,18.63,4.98,13.47,6557,1024,512,256,1199829956.1362221
IFFT,float64,1024,1024,1024,4,1,NCCL,1,20.18,13.33,18.15,17.43,2.4,11.18,6230,1024,512,256,1454189338.4466257
IFFT,float64,1024,1024,1024,2,2,NCCL,1,25.3,9.86,35.26,10.22,2.4,20.72,2700,1024,512,256,1951859823.640659
IFFT,float64,1024,1024,1024,2,4,NCCL,2,14.4,9.03,25.72,21.38,3.8,14.26,3727,1024,512,256,1870556492.978104
IFFT,float64,1024,1024,1024,4,2,NCCL,2,21.58,8.14,23.01,12.65,4.78,23.3,9202,1024,512,256,1368454038.5211241
IFFT,float64,1024,1024,1024,8,1,NCCL,2,21.01,7.01,19.45,10.47,3.28,17.24,9173,1024,512,256,1114076368.3473916
IFFT,float64,1024,1024,1024,1,8,NCCL,2,11.39,13.11,19.11,19.33,1.96,13.21,6885,1024,512,256,1519912192.5320776
IFFT,float64,1024,1024,1024,4,4,NCCL,4,15.38,12.59,15.08,10.31,3.17,23.43,5604,1024,512,256,1660643241.6097746
IFFT,float64,1024,1024,1024,8,2,NCCL,4,28.55,13.89,32.93,13.14,3.5,13.25,2442,1024,512,256,1004015435.4484671
IFFT,float64,1024,1024,1024,2,8,NCCL,4,12.85,8.43,33.48,28.02,4.03,20.14,4867,1024,512,256,1546654186.03438
IFFT,float64,1024,1024,1024,1,16,NCCL,4,29.43,8.22,27.42,15.64,1.63,11.62,2604,1024,512,256,1150266294.1099122
IFFT,float64,1024,1024,1024,16,1,NCCL,4,28.39,7.51,31.58,10.6,3.61,23.89,3581,1024,512,256,1902074600.9817367
IFFT,float64,1024,1024,1024,8,4,NCCL,8,21.86,10.53,20.72,10.21,1.71,19.71,5011,1024,512,256,1878997292.4246397
IFFT,float64,1024,1024,1024,4,8,NCCL,8,15.3,14.46,21.8,27.37,3.61,24.84,7780,1024,512,256,1192423757.6015465
IFFT,float64,1024,1024,1024,1,32,NCCL,8,11.03,12.94,15.72,12.1,3.01,21.7,6333,1024,512,256,1574953591.7140138
IFFT,float64,1024,1024,1024,32,1,NCCL,8,17.46,13.57,23.51,20.73,1.93,15.21,9726,1024,512,256,1018386420.7325091
IFFT,float64,1024,1024,1024,8,16,NCCL,32,19.51,10.6,16.15,19.76,4.62,17.53,1624,1024,512,256,1072239251.1553701
IFFT,float64,1024,1024,1024,16,8,NCCL,32,21.24,13.94,23.85,12.56,1.33,22.75,2710,1024,512,256,1463873969.882692
IFFT,float64,1024,1024,1024,1,64,NCCL,16,16.08,13.01,16.47,26.36,3.69,17.91,2540,1024,512,256,1126900254.3743489
IFFT,float64,1024,1024,1024,64,1,NCCL,16,26.08,6.19,23.28,12.47,4.93,11.14,2127,1024,512,256,1596284448.1536794
IFFT,float64,1024,1024,1024,16,16,NCCL,64,25.63,13.88,17.28,21.86,3.56,17.02,8394,1024,512,256,1379061725.8131428
IFFT,float64,1024,1024,1024,1,128,NCCL,32,18.34,12.96,26.09,25.53,4.47,13.88,2141,1024,512,256,1241507191.240027
IFFT,float64,1024,1024,1024,128,1,NCCL,32,24.89,10.93,18.95,28.46,3.99,21.38,9978,1024,512,256,1718490023.4477062
IFFT,float64,1024,1024,1024,1,256,NCCL,64,16.55,10.03,27.35,16.98,3.89,11.51,1269,1024,512,256,1199548448.8835256
IFFT,float64,1024,1024,1024,256,1,NCCL,64,19.39,5.16,36.23,27.53,1.49,16.61,7855,1024,512,256,1943393283.1010199
IFFT,float64,1024,1024,1024,128,2,NCCL,64,21.75,8.34,17.28,15.79,3.43,11.33,4688,1024,512,256,1389984190.5967774
IFFT,float64,1024,1024,1024,2,128,NCCL,64,13.79,14.14,39.99,11.43,2.5,16.54,3263,1024,512,256,1476069999.878467
IFFT,float64,2048,2048,2048,1,4,NCCL,1,27.48,12.02,32.07,28.37,2.37,24.76,8572,2048,1024,512,1426015972.4941907
IFFT,float64,2048,2048,2048,4,1,NCCL,1,13.07,7.17,31.19,11.36,2.19,21.09,3172,2048,1024,512,1966481645.7113461
IFFT,float64,2048,2048,2048,2,2,NCCL,1,16.27,6.66,20.18,18.2,3.69,11.97,1880,2048,1024,512,1655248564.0122929
IFFT,float64,2048,2048,2048,2,4,NCCL,2,11.47,5.83,26.1,11.52,2.21,15.01,9571,2048,1024,512,1722470494.6468525
IFFT,float64,2048,2048,2048,4,2,NCCL,2,28.5,9.67,17.51,17.2,1.15,18.18,4047,2048,1024,512,1243699461.6013064
IFFT,float64,2048,2048,2048,8,1,NCCL,2,26.7,8.64,28.17,26.79,3.16,12.21,2029,2048,1024,512,1868089419.837732
IFFT,float64,2048,2048,2048,1,8,NCCL,2,28.17,14.67,36.71,22.43,2.26,13.14,3976,2048,1024,512,1657500288.4812732
IFFT,float64,2048,2048,2048,4,4,NCCL,4,15.61,8.64,31.75,20.54,2.43,17.54,2838,2048,1024,512,1335620314.8317754
IFFT,float64,2048,2048,2048,8,2,NCCL,4,13.82,6.32,24.55,15.98,3.99,20.42,8424,2048,1024,512,1313296154.6048498
IFFT,float64,2048,2048,2048,2,8,NCCL,4,25.82,11.72,18.81,27.65,2.87,23.09,9231,2048,1024,512,1843135129.011486
IFFT,float64,2048,2048,2048,1,16,NCCL,4,29.24,7.03,26.46,24.16,1.53,16.12,4045,2048,1024,512,1137070517.0863059
IFFT,float64,2048,2048,2048,16,1,NCCL,4,12.31,13.91,20.45,21.89,1.76,17.4,1639,2048,1024,512,1927445735.1286473
IFFT,float64,2048,2048,2048,8,4,NCCL,8,25.35,10.49,24.1,13.76,4.24,14.84,2014,2048,1024,512,1378556645.3612914
IFFT,float64,2048,2048,2048,4,8,NCCL,8,12.45,11.74,39.09,24.85,4.01,19.15,2289,2048,1024,512,1198793182.3598502
IFFT,float64,2048,2048,2048,1,32,NCCL,8,15.03,9.05,26.43,10.59,1.41,17.52,2522,2048,1024,512,1746709103.2342372
IFFT,float64,2048,2048,2048,32,1,NCCL,8,20.25,14.92,20.14,21.37,4.66,21.91,4072,2048,1024,512,1451032188.9291875
IFFT,float64,2048,2048,2048,8,16,NCCL,32,21.69,10.6,37.25,22.5,3.45,11.59,4955,2048,1024,512,1012323284.5535705
IFFT,float64,2048,2048,2048,16,8,NCCL,32,25.42,5.54,21.59,18.76,1.15,21.2,8366,2048,1024,512,1255342953.7275176
IFFT,float64,2048,2048,2048,1,64,NCCL,16,14.89,11.76,15.35,25.82,1.95,16.98,4071,2048,1024,512,1040744101.6484073
IFFT,float64,2048,2048,2048,64,1,NCCL,16,10.32,14.0,18.29,15.2,2.85,22.86,2647,2048,1024,512,1186597490.4435382
IFFT,float64,2048,2048,2048,16,16,NCCL,64,20.43,7.18,33.05,10.65,1.42,17.5,6872,2048,1024,512,1243649482.742897
IFFT,float64,2048,2048,2048,1,128,NCCL,32,24.64,5.3,31.74,29.47,4.96,18.53,9910,2048,1024,512,1344667794.185446
IFFT,float64,2048,2048,2048,128,1,NCCL,32,26.07,9.14,23.22,21.56,3.08,21.26,4829,2048,1024,512,1162446429.8673859
IFFT,float64,2048,2048,2048,1,256,NCCL,64,29.47,9.96,32.05,18.32,2.2,12.98,1884,2048,1024,512,1276544225.0572357
IFFT,float64,2048,2048,2048,256,1,NCCL,64,26.34,7.46,29.28,24.59,2.57,19.91,1356,2048,1024,512,1770031335.960505
IFFT,float64,2048,2048,2048,128,2,NCCL,64,10.18,12.71,35.45,15.06,2.76,20.32,5599,2048,1024,512,1369506272.986192
IFFT,float64,2048,2048,2048,2,128,NCCL,64,13.35,13.68,28.28,22.34,1.47,13.07,6771,2048,1024,512,1553961659.5990021
IFFT,float64,4096,4096,4096,1,4,NCCL,1,16.34,13.52,15.04,15.69,2.24,24.09,7288,4096,2048,1024,1541804694.8786798
IFFT,float64,4096,4096,4096,4,1,NCCL,1,19.94,7.17,32.05,28.52,4.43,20.56,8919,4096,2048,1024,1568934596.3150406
IFFT,float64,4096,4096,4096,2,2,NCCL,1,15.83,8.37,29.93,21.28,3.87,19.26,1153,4096,2048,1024,1631626832.2381988
IFFT,float64,4096,4096,4096,2,4,NCCL,2,28.55,9.5,39.48,29.86,3.77,11.66,6842,4096,2048,1024,1263859972.1811252
IFFT,float64,4096,4096,4096,4,2,NCCL,2,24.61,10.04,29.84,29.06,3.58,16.82,7669,4096,2048,1024,1270237045.112814
IFFT,float64,4096,4096,4096,8,1,NCCL,2,20.62,10.06,26.39,17.3,3.84,12.54,8784,4096,2048,1024,1922528798.3085861
IFFT,float64,4096,4096,4096,1,8,NCCL,2,16.6,6.3,34.3,12.81,3.01,13.09,5905,4096,2048,1024,1200822742.4273686
IFFT,float64,4096,4096,4096,4,4,NCCL,4,26.57,5.97,22.4,20.85,4.06,23.28,4125,4096,2048,1024,1413302494.4395134
IFFT,float64,4096,4096,4096,8,2,NCCL,4,26.83,11.17,31.73,21.36,4.9,16.17,7276,4096,2048,1024,1345101051.8399134
IFFT,float64,4096,4096,4096,2,8,NCCL,4,23.81,13.89,19.08,27.98,1.77,20.92,4493,4096,2048,1024,1561859646.6479197
IFFT,float64,4096,4096,4096,1,16,NCCL,4,17.31,14.48,26.74,10.79,1.99,18.37,6743,4096,2048,1024,1385122425.7552652
IFFT,float64,4096,4096,4096,16,1,NCCL,4,11.53,13.89,26.78,11.63,3.33,23.79,8137,4096,2048,1024,1040631271.8207651
IFFT,float64,4096,4096,4096,8,4,NCCL,8,20.15,5.07,16.18,27.62,2.91,22.93,8835,4096,2048,1024,1534286725.1362746
IFFT,float64,4096,4096,4096,4,8,NCCL,8,12.59,6.92,38.79,19.33,4.95,11.13,8900,4096,2048,1024,1476633133.5828972
IFFT,float64,4096,4096,4096,1,32,NCCL,8,21.57,6.8,16.98,12.21,1.73,11.36,5016,4096,2048,1024,1746415437.8229294
IFFT,float64,4096,4096,4096,32,1,NCCL,8,15.54,12.82,20.03,25.06,3.7,16.31,9937,4096,2048,1024,1145138419.8426712
IFFT,float64,4096,4096,4096,8,16,NCCL,32,17.1,6.18,16.67,27.48,2.28,20.13,2880,4096,2048,1024,1688532962.448536
IFFT,float64,4096,4096,4096,16,8,NCCL,32,23.39,7.61,23.08,23.81,3.79,12.08,9260,4096,2048,1024,1392088838.7870948
IFFT,float64,4096,4096,4096,1,64,NCCL,16,21.29,13.21,36.15,19.88,4.62,11.07,5066,4096,2048,1024,1240096029.7017255
IFFT,float64,4096,4096,4096,64,1,NCCL,16,16.73,11.52,32.54,24.59,1.99,13.12,5211,4096,2048,1024,1247456893.2524097
IFFT,float64,4096,4096,4096,16,16,NCCL,64,19.87,11.56,23.91,17.48,1.18,17.04,2883,4096,2048,1024,1546941549.8077455
IFFT,float64,4096,4096,4096,1,128,NCCL,32,25.49,9.97,31.0,26.55,4.18,11.06,2047,4096,2048,1024,1429664594.0548012
IFFT,float64,4096,4096,4096,128,1,NCCL,32,24.51,7.1,31.47,21.23,3.62,16.58,5926,4096,2048,1024,1560638732.7864094
IFFT,float64,4096,4096,4096,1,256,NCCL,64,28.69,8.34,23.36,15.25,1.77,11.78,4066,4096,2048,1024,1588265824.6114047
IFFT,float64,4096,4096,4096,256,1,NCCL,64,18.07,10.68,18.3,24.29,3.34,17.26,9994,4096,2048,1024,1742128580.560465
IFFT,float64,4096,4096,4096,128,2,NCCL,64,25.52,12.58,21.31,28.92,2.82,12.03,4815,4096,2048,1024,1476390686.941331
IFFT,float64,4096,4096,4096,2,128,NCCL,64,14.14,12.82,19.73,22.51,4.39,20.95,3824,4096,2048,1024,1468643067.898332
IFFT,float64,8192,8192,8192,1,4,NCCL,1,29.29,10.78,32.18,19.59,4.32,20.25,2321,8192,4096,2048,1417829440.204533
IFFT,float64,8192,8192,8192,4,1,NCCL,1,18.63,5.75,17.45,12.22,2.3,24.7,9525,8192,4096,2048,1037772817.1439991
IFFT,float64,8192,8192,8192,2,2,NCCL,1,11.36,11.15,16.73,29.67,3.3,19.24,3727,8192,4096,2048,1403014200.2805357
IFFT,float64,8192,8192,8192,2,4,NCCL,2,25.39,10.9,27.65,19.32,4.15,15.1,2107,8192,4096,2048,1117324953.8634505
IFFT,float64,8192,8192,8192,4,2,NCCL,2,16.65,10.32,23.09,20.29,4.81,13.43,4304,8192,4096,2048,1209402890.0611765
IFFT,float64,8192,8192,8192,8,1,NCCL,2,24.51,8.06,21.02,15.24,4.28,16.44,2636,8192,4096,2048,1711074505.5097923
IFFT,float64,8192,8192,8192,1,8,NCCL,2,21.37,12.62,28.83,29.45,4.03,14.47,4929,8192,4096,2048,1245685802.62639
IFFT,float64,8192,8192,8192,4,4,NCCL,4,21.36,6.37,27.4,23.81,3.72,14.61,5379,8192,4096,2048,1172936206.0604157
IFFT,float64,8192,8192,8192,8,2,NCCL,4,14.92,9.68,16.08,26.34,4.66,15.66,1057,8192,4096,2048,1621988104.0503807
IFFT,float64,8192,8192,8192,2,8,NCCL,4,15.15,11.35,26.86,19.64,3.96,23.16,4923,8192,4096,2048,1709498344.5702312
IFFT,float64,8192,8192,8192,1,16,NCCL,4,12.78,12.62,38.63,10.01,3.61,16.66,7249,8192,4096,2048,1736700403.3715363
IFFT,float64,8192,8192,8192,16,1,NCCL,4,17.61,11.56,34.76,11.48,1.41,20.58,8679,8192,4096,2048,1250665786.3563266
IFFT,float64,8192,8192,8192,8,4,NCCL,8,14.35,11.21,20.45,14.29,4.19,23.11,4704,8192,4096,2048,1107076917.7318783
IFFT,float64,8192,8192,8192,4,8,NCCL,8,10.22,7.65,27.34,24.28,4.6,17.47,8451,8192,4096,2048,1575347445.7349467
IFFT,float64,8192,8192,8192,1,32,NCCL,8,28.91,14.32,21.56,22.09,4.05,16.86,7662,8192,4096,2048,1542141751.985798
IFFT,float64,8192,8192,8192,32,1,NCCL,8,12.76,6.47,36.1,20.48,1.3,21.28,5516,8192,4096,2048,1204452087.4139276
IFFT,float64,8192,8192,8192,8,16,NCCL,32,15.93,13.69,33.16,26.71,3.44,11.74,6323,8192,4096,2048,1978869165.9974952
IFFT,float64,8192,8192,8192,16,8,NCCL,32,17.47,11.43,35.24,24.03,1.75,17.94,9901,8192,4096,2048,1158732985.457457
IFFT,float64,8192,8192,8192,1,64,NCCL,16,13.7,11.5,33.36,14.86,2.0,21.11,7083,8192,4096,2048,1857741899.4650836
IFFT,float64,8192,8192,8192,64,1,NCCL,16,12.8,9.43,19.71,26.22,1.47,12.45,1128,8192,4096,2048,1739463093.148663
IFFT,float64,8192,8192,8192,16,16,NCCL,64,27.46,6.39,34.11,17.49,4.91,14.67,5434,8192,4096,2048,1680662756.1473927
IFFT,float64,8192,8192,8192,1,128,NCCL,32,13.19,11.51,24.94,23.91,4.37,17.7,5731,8192,4096,2048,1737938242.768822
IFFT,float64,8192,8192,8192,128,1,NCCL,32,17.02,5.79,31.46,27.95,1.45,16.68,4735,8192,4096,2048,1927509115.152174
IFFT,float64,8192,8192,8192,1,256,NCCL,64,10.33,7.58,39.88,25.45,2.51,22.34,3788,8192,4096,2048,1136472202.516035
IFFT,float64,8192,8192,8192,256,1,NCCL,64,22.25,14.97,19.57,17.99,3.77,15.42,4595,8192,4096,2048,1224626192.9507682
IFFT,float64,8192,8192,8192,128,2,NCCL,64,16.23,12.52,35.53,26.87,4.17,15.94,5012,8192,4096,2048,1533123633.5471048
IFFT,float64,8192,8192,8192,2,128,NCCL,64,22.7,6.62,34.28,14.91,4.92,19.23,7023,8192,4096,2048,1967800778.082512
IFFT,float64,16384,16384,16384,1,4,NCCL,1,20.51,13.04,20.73,23.79,4.68,23.95,7238,16384,8192,4096,1067981573.930981
IFFT,float64,16384,16384,16384,4,1,NCCL,1,11.16,7.19,28.99,21.34,2.21,24.71,7694,16384,8192,4096,1096481943.9914806
IFFT,float64,16384,16384,16384,2,2,NCCL,1,19.11,5.03,21.75,10.46,3.46,21.55,8086,16384,8192,4096,1636256620.9732518
IFFT,float64,16384,16384,16384,2,4,NCCL,2,11.12,13.31,24.6,15.74,4.18,15.94,7712,16384,8192,4096,1523672913.526446
IFFT,float64,16384,16384,16384,4,2,NCCL,2,16.88,9.14,18.85,21.45,3.73,24.56,6834,16384,8192,4096,1532707055.1365318
IFFT,float64,16384,16384,16384,8,1,NCCL,2,17.09,7.5,31.99,21.0,1.44,20.31,3885,16384,8192,4096,1788846678.882876
IFFT,float64,16384,16384,16384,1,8,NCCL,2,28.33,14.36,34.18,14.44,4.68,15.11,3601,16384,8192,4096,1478685971.3726215
IFFT,float64,16384,16384,16384,4,4,NCCL,4,29.51,7.96,20.54,28.58,4.2,13.82,2600,16384,8192,4096,1696516944.664854
IFFT,float64,16384,16384,16384,8,2,NCCL,4,18.72,14.04,31.64,26.71,2.77,17.0,6478,16384,8192,4096,1898247008.8097034
IFFT,float64,16384,16384,16384,2,8,NCCL,4,17.13,12.79,16.42,22.11,4.26,13.94,7432,16384,8192,4096,1330178444.763544
IFFT,float64,16384,16384,16384,1,16,NCCL,4,19.48,14.19,33.52,29.82,1.29,11.33,9956,16384,8192,4096,1685162715.0416126
IFFT,float64,16384,16384,16384,16,1,NCCL,4,14.49,7.96,27.59,11.39,4.78,24.63,6008,16384,8192,4096,1509592811.3479834
IFFT,float64,16384,16384,16384,8,4,NCCL,8,26.19,6.88,15.05,18.13,2.64,19.23,2245,16384,8192,4096,1105751360.7404437
IFFT,float64,16384,16384,16384,4,8,NCCL,8,12.44,9.9,17.38,25.69,3.01,20.09,3739,16384,8192,4096,1645704315.0033975
IFFT,float64,16384,16384,16384,1,32,NCCL,8,15.09,11.95,19.8,26.13,1.83,21.88,8425,16384,8192,4096,1819748252.1080353
IFFT,float64,16384,16384,16384,32,1,NCCL,8,13.5,10.2,39.04,10.04,1.79,15.97,1000,16384,8192,4096,1267792259.1804767
IFFT,float64,16384,16384,16384,8,16,NCCL,32,18.66,9.24,38.37,25.1,3.15,24.63,7105,16384,8192,4096,1415340332.661768
IFFT,float64,16384,16384,16384,16,8,NCCL,32,19.65,11.84,32.92,18.5,2.17,16.25,3177,16384,8192,4096,1231661236.0212324
IFFT,float64,16384,16384,16384,1,64,NCCL,16,22.08,7.65,23.94,27.8,3.93,24.98,5826,16384,8192,4096,1564444999.8373284
IFFT,float64,16384,16384,16384,64,1,NCCL,16,23.56,10.83,26.43,20.22,4.81,14.6,4440,16384,8192,4096,1044671772.25393
IFFT,float64,16384,16384,16384,16,16,NCCL,64,20.43,5.53,33.81,19.42,1.73,23.45,7285,16384,8192,4096,1737817284.256043
IFFT,float64,16384,16384,16384,1,128,NCCL,32,17.24,7.02,20.08,29.66,1.52,23.88,2943,16384,8192,4096,1839595961.7356849
IFFT,float64,16384,16384,16384,128,1,NCCL,32,20.96,9.42,39.6,16.83,3.62,19.07,6726,16384,8192,4096,1401671471.3464513
IFFT,float64,16384,16384,16384,1,256,NCCL,64,18.57,7.45,25.43,15.33,2.8,17.1,9581,16384,8192,4096,1080805215.5410821
IFFT,float64,16384,16384,16384,256,1,NCCL,64,17.18,8.52,39.31,13.77,2.73,16.5,9514,16384,8192,4096,1454346894.1345553
IFFT,float64,16384,16384,16384,128,2,NCCL,64,25.64,5.51,37.02,21.51,1.56,23.14,9567,16384,8192,4096,1748095089.8438816
IFFT,float64,16384,16384,16384,2,128,NCCL,64,10.98,13.13,38.23,21.52,1.34,19.2,2092,16384,8192,4096,1904463589.8873584
